{
    "criteria": {
        "used": {
            "trigger": "consume_item",
            "conditions": {
                "item": {
                    "components": {
                        "custom_data": {
                            "dabsu": {
                                "is_wand": 1
                            }
                        }
                    }
                },
                "player": {
                    "type_specific": {
                        "type": "player",
                        "gamemode": ["creative","spectator"]
                    }
                }
            }
        }
    },
    "rewards": {
        "function": "dabsu:z_private/wand/trigger"
    }
}