{"pools":[{"rolls":1,"entries":[{"type":"item","name":"cod","functions":[
    {
        "function":"set_components",
        "components":{"equippable":{"slot":"saddle","equip_sound":"intentionally_empty"}}
    },
    {
        "conditions":[
            {"condition":"value_check","range":{"min":1},"value":{"target":{"type":"fixed","name":"#x"},"type":"score","score":"fptrick_impulse"}}
        ],
        "function":"set_enchantments",
        "enchantments":{
            "fptrick_impulse:mc-303789/scale0_x_plus":{"target":{"type":"fixed","name":"#x_scale0"},"type":"score","score":"fptrick_impulse","scale":-1},
            "fptrick_impulse:mc-303789/scale1_x_plus":{"target":{"type":"fixed","name":"#x_scale1"},"type":"score","score":"fptrick_impulse"},
            "fptrick_impulse:mc-303789/scale2_x_plus":{"target":{"type":"fixed","name":"#x_scale2"},"type":"score","score":"fptrick_impulse"},
            "fptrick_impulse:mc-303789/scale3_x_plus":{"target":{"type":"fixed","name":"#x_scale3"},"type":"score","score":"fptrick_impulse"}
        }
    },
    {
        "conditions":[
            {"condition":"value_check","range":{"max":-1},"value":{"target":{"type":"fixed","name":"#x"},"type":"score","score":"fptrick_impulse"}}
        ],
        "function":"set_enchantments",
        "enchantments":{
            "fptrick_impulse:mc-303789/scale0_x_minus":{"target":{"type":"fixed","name":"#x_scale0"},"type":"score","score":"fptrick_impulse","scale":-1},
            "fptrick_impulse:mc-303789/scale1_x_minus":{"target":{"type":"fixed","name":"#x_scale1"},"type":"score","score":"fptrick_impulse"},
            "fptrick_impulse:mc-303789/scale2_x_minus":{"target":{"type":"fixed","name":"#x_scale2"},"type":"score","score":"fptrick_impulse"},
            "fptrick_impulse:mc-303789/scale3_x_minus":{"target":{"type":"fixed","name":"#x_scale3"},"type":"score","score":"fptrick_impulse"}
        }
    },
    {
        "conditions":[
            {"condition":"value_check","range":{"min":1},"value":{"target":{"type":"fixed","name":"#y"},"type":"score","score":"fptrick_impulse"}}
        ],
        "function":"set_enchantments",
        "enchantments":{
            "fptrick_impulse:mc-303789/scale0_y_plus":{"target":{"type":"fixed","name":"#y_scale0"},"type":"score","score":"fptrick_impulse","scale":-1},
            "fptrick_impulse:mc-303789/scale1_y_plus":{"target":{"type":"fixed","name":"#y_scale1"},"type":"score","score":"fptrick_impulse"},
            "fptrick_impulse:mc-303789/scale2_y_plus":{"target":{"type":"fixed","name":"#y_scale2"},"type":"score","score":"fptrick_impulse"},
            "fptrick_impulse:mc-303789/scale3_y_plus":{"target":{"type":"fixed","name":"#y_scale3"},"type":"score","score":"fptrick_impulse"}
        }
    },
    {
        "conditions":[
            {"condition":"value_check","range":{"max":-1},"value":{"target":{"type":"fixed","name":"#y"},"type":"score","score":"fptrick_impulse"}}
        ],
        "function":"set_enchantments",
        "enchantments":{
            "fptrick_impulse:mc-303789/scale0_y_minus":{"target":{"type":"fixed","name":"#y_scale0"},"type":"score","score":"fptrick_impulse","scale":-1},
            "fptrick_impulse:mc-303789/scale1_y_minus":{"target":{"type":"fixed","name":"#y_scale1"},"type":"score","score":"fptrick_impulse"},
            "fptrick_impulse:mc-303789/scale2_y_minus":{"target":{"type":"fixed","name":"#y_scale2"},"type":"score","score":"fptrick_impulse"},
            "fptrick_impulse:mc-303789/scale3_y_minus":{"target":{"type":"fixed","name":"#y_scale3"},"type":"score","score":"fptrick_impulse"}
        }
    },
    {
        "conditions":[
            {"condition":"value_check","range":{"min":1},"value":{"target":{"type":"fixed","name":"#z"},"type":"score","score":"fptrick_impulse"}}
        ],
        "function":"set_enchantments",
        "enchantments":{
            "fptrick_impulse:mc-303789/scale0_z_plus":{"target":{"type":"fixed","name":"#z_scale0"},"type":"score","score":"fptrick_impulse","scale":-1},
            "fptrick_impulse:mc-303789/scale1_z_plus":{"target":{"type":"fixed","name":"#z_scale1"},"type":"score","score":"fptrick_impulse"},
            "fptrick_impulse:mc-303789/scale2_z_plus":{"target":{"type":"fixed","name":"#z_scale2"},"type":"score","score":"fptrick_impulse"},
            "fptrick_impulse:mc-303789/scale3_z_plus":{"target":{"type":"fixed","name":"#z_scale3"},"type":"score","score":"fptrick_impulse"}
        }
    },
    {
        "conditions":[
            {"condition":"value_check","range":{"max":-1},"value":{"target":{"type":"fixed","name":"#z"},"type":"score","score":"fptrick_impulse"}}
        ],
        "function":"set_enchantments",
        "enchantments":{
            "fptrick_impulse:mc-303789/scale0_z_minus":{"target":{"type":"fixed","name":"#z_scale0"},"type":"score","score":"fptrick_impulse","scale":-1},
            "fptrick_impulse:mc-303789/scale1_z_minus":{"target":{"type":"fixed","name":"#z_scale1"},"type":"score","score":"fptrick_impulse"},
            "fptrick_impulse:mc-303789/scale2_z_minus":{"target":{"type":"fixed","name":"#z_scale2"},"type":"score","score":"fptrick_impulse"},
            "fptrick_impulse:mc-303789/scale3_z_minus":{"target":{"type":"fixed","name":"#z_scale3"},"type":"score","score":"fptrick_impulse"}
        }
    }
]}]}]}