{"pools":[{"rolls":1,"entries":[{"type":"item","name":"cod","functions":[
    {
        "function":"reference",
        "name":"fptrick_impulse:common"
    },
    {
        "conditions":[
            {"condition":"value_check","range":{"min":1},"value":{"target":{"type":"fixed","name":"#y"},"type":"score","score":"fptrick_impulse"}}
        ],
        "function":"set_enchantments",
        "enchantments":{
            "fptrick_impulse:scale0_forward_y_minus":{"target":{"type":"fixed","name":"#y_scale0"},"type":"score","score":"fptrick_impulse","scale":-1},
            "fptrick_impulse:scale1_forward_y_minus":{"target":{"type":"fixed","name":"#y_scale1"},"type":"score","score":"fptrick_impulse"},
            "fptrick_impulse:scale2_forward_y_minus":{"target":{"type":"fixed","name":"#y_scale2"},"type":"score","score":"fptrick_impulse"},
            "fptrick_impulse:scale3_forward_y_minus":{"target":{"type":"fixed","name":"#y_scale3"},"type":"score","score":"fptrick_impulse"}
        }
    },
    {
        "conditions":[
            {"condition":"value_check","range":{"max":-1},"value":{"target":{"type":"fixed","name":"#y"},"type":"score","score":"fptrick_impulse"}}
        ],
        "function":"set_enchantments",
        "enchantments":{
            "fptrick_impulse:scale0_forward_y_plus":{"target":{"type":"fixed","name":"#y_scale0"},"type":"score","score":"fptrick_impulse","scale":-1},
            "fptrick_impulse:scale1_forward_y_plus":{"target":{"type":"fixed","name":"#y_scale1"},"type":"score","score":"fptrick_impulse"},
            "fptrick_impulse:scale2_forward_y_plus":{"target":{"type":"fixed","name":"#y_scale2"},"type":"score","score":"fptrick_impulse"},
            "fptrick_impulse:scale3_forward_y_plus":{"target":{"type":"fixed","name":"#y_scale3"},"type":"score","score":"fptrick_impulse"}
        }
    },
    {
        "conditions":[
            {"condition":"value_check","range":0,"value":{"target":{"type":"fixed","name":"#left_z_sign"},"type":"score","score":"fptrick_impulse"}},
            {"condition":"any_of","terms":[
                [
                    {"condition":"value_check","range":1,"value":{"target":{"type":"fixed","name":"#left_x_sign"},"type":"score","score":"fptrick_impulse"}},
                    {"condition":"value_check","range":{"min":1},"value":{"target":{"type":"fixed","name":"#z"},"type":"score","score":"fptrick_impulse"}}
                ],
                [
                    {"condition":"value_check","range":-1,"value":{"target":{"type":"fixed","name":"#left_x_sign"},"type":"score","score":"fptrick_impulse"}},
                    {"condition":"value_check","range":{"max":-1},"value":{"target":{"type":"fixed","name":"#z"},"type":"score","score":"fptrick_impulse"}}
                ]
            ]}
        ],
        "function":"set_enchantments",
        "enchantments":{
            "fptrick_impulse:scale0_up_z_plus":{"target":{"type":"fixed","name":"#z_scale0"},"type":"score","score":"fptrick_impulse","scale":-1},
            "fptrick_impulse:scale1_up_z_plus":{"target":{"type":"fixed","name":"#z_scale1"},"type":"score","score":"fptrick_impulse"},
            "fptrick_impulse:scale2_up_z_plus":{"target":{"type":"fixed","name":"#z_scale2"},"type":"score","score":"fptrick_impulse"},
            "fptrick_impulse:scale3_up_z_plus":{"target":{"type":"fixed","name":"#z_scale3"},"type":"score","score":"fptrick_impulse"}
        }
    },
    {
        "conditions":[
            {"condition":"value_check","range":0,"value":{"target":{"type":"fixed","name":"#left_z_sign"},"type":"score","score":"fptrick_impulse"}},
            {"condition":"any_of","terms":[
                [
                    {"condition":"value_check","range":1,"value":{"target":{"type":"fixed","name":"#left_x_sign"},"type":"score","score":"fptrick_impulse"}},
                    {"condition":"value_check","range":{"max":-1},"value":{"target":{"type":"fixed","name":"#z"},"type":"score","score":"fptrick_impulse"}}
                ],
                [
                    {"condition":"value_check","range":-1,"value":{"target":{"type":"fixed","name":"#left_x_sign"},"type":"score","score":"fptrick_impulse"}},
                    {"condition":"value_check","range":{"min":1},"value":{"target":{"type":"fixed","name":"#z"},"type":"score","score":"fptrick_impulse"}}
                ]
            ]}
        ],
        "function":"set_enchantments",
        "enchantments":{
            "fptrick_impulse:scale0_up_z_minus":{"target":{"type":"fixed","name":"#z_scale0"},"type":"score","score":"fptrick_impulse","scale":-1},
            "fptrick_impulse:scale1_up_z_minus":{"target":{"type":"fixed","name":"#z_scale1"},"type":"score","score":"fptrick_impulse"},
            "fptrick_impulse:scale2_up_z_minus":{"target":{"type":"fixed","name":"#z_scale2"},"type":"score","score":"fptrick_impulse"},
            "fptrick_impulse:scale3_up_z_minus":{"target":{"type":"fixed","name":"#z_scale3"},"type":"score","score":"fptrick_impulse"}
        }
    },
    {
        "conditions":[
            {"condition":"value_check","range":0,"value":{"target":{"type":"fixed","name":"#left_x_sign"},"type":"score","score":"fptrick_impulse"}},
            {"condition":"any_of","terms":[
                [
                    {"condition":"value_check","range":1,"value":{"target":{"type":"fixed","name":"#left_z_sign"},"type":"score","score":"fptrick_impulse"}},
                    {"condition":"value_check","range":{"min":1},"value":{"target":{"type":"fixed","name":"#x"},"type":"score","score":"fptrick_impulse"}}
                ],
                [
                    {"condition":"value_check","range":-1,"value":{"target":{"type":"fixed","name":"#left_z_sign"},"type":"score","score":"fptrick_impulse"}},
                    {"condition":"value_check","range":{"max":-1},"value":{"target":{"type":"fixed","name":"#x"},"type":"score","score":"fptrick_impulse"}}
                ]
            ]}
        ],
        "function":"set_enchantments",
        "enchantments":{
            "fptrick_impulse:scale0_up_x_minus":{"target":{"type":"fixed","name":"#x_scale0"},"type":"score","score":"fptrick_impulse","scale":-1},
            "fptrick_impulse:scale1_up_x_minus":{"target":{"type":"fixed","name":"#x_scale1"},"type":"score","score":"fptrick_impulse"},
            "fptrick_impulse:scale2_up_x_minus":{"target":{"type":"fixed","name":"#x_scale2"},"type":"score","score":"fptrick_impulse"},
            "fptrick_impulse:scale3_up_x_minus":{"target":{"type":"fixed","name":"#x_scale3"},"type":"score","score":"fptrick_impulse"}
        }
    },
    {
        "conditions":[
            {"condition":"value_check","range":0,"value":{"target":{"type":"fixed","name":"#left_x_sign"},"type":"score","score":"fptrick_impulse"}},
            {"condition":"any_of","terms":[
                [
                    {"condition":"value_check","range":1,"value":{"target":{"type":"fixed","name":"#left_z_sign"},"type":"score","score":"fptrick_impulse"}},
                    {"condition":"value_check","range":{"max":-1},"value":{"target":{"type":"fixed","name":"#x"},"type":"score","score":"fptrick_impulse"}}
                ],
                [
                    {"condition":"value_check","range":-1,"value":{"target":{"type":"fixed","name":"#left_z_sign"},"type":"score","score":"fptrick_impulse"}},
                    {"condition":"value_check","range":{"min":1},"value":{"target":{"type":"fixed","name":"#x"},"type":"score","score":"fptrick_impulse"}}
                ]
            ]}
        ],
        "function":"set_enchantments",
        "enchantments":{
            "fptrick_impulse:scale0_up_x_plus":{"target":{"type":"fixed","name":"#x_scale0"},"type":"score","score":"fptrick_impulse","scale":-1},
            "fptrick_impulse:scale1_up_x_plus":{"target":{"type":"fixed","name":"#x_scale1"},"type":"score","score":"fptrick_impulse"},
            "fptrick_impulse:scale2_up_x_plus":{"target":{"type":"fixed","name":"#x_scale2"},"type":"score","score":"fptrick_impulse"},
            "fptrick_impulse:scale3_up_x_plus":{"target":{"type":"fixed","name":"#x_scale3"},"type":"score","score":"fptrick_impulse"}
        }
    }
]}]}]}