{
    "criteria": {
        "hurt": {
            "trigger": "entity_hurt_player",
            "conditions": {
                "damage": {
                    "type": {
                        "tags": [
                            {
                                "expected": false,
                                "id": "dfh:sys/all"
                            }
                        ]
                    }
                }
            }
        }
    },
    "rewards": {
        "function": "dfh:player/hurt"
    },
    "parent": "dfh:root"
}
