{
  "description": "",
  "supported_items": [],
  "weight": 1,
  "max_level": 1,
  "min_cost": {"base": 0, "per_level_above_first": 0},
  "max_cost": {"base": 0, "per_level_above_first": 0},
  "anvil_cost": 0,
  "slots": ["saddle"],
  "effects": {
    "location_changed": [
      {
        "effect": {
          "type": "apply_impulse",
          "direction": [0,5e-324,0],
          "coordinate_scale": [0,8.98846567431158e+303,0],
          "magnitude": {
            "type": "linear",
            "base": 37778931862957161709568,
            "per_level_above_first": 37778931862957161709568
          }
        }
      }
    ]
  }
}
