{
    "criteria": {
        "hurt": {
            "trigger": "entity_hurt_player",
            "conditions": {
                "damage": {
                    "type": {
                        "tags": [
                            {
                                "expected": true,
                                "id": "dfh:cactus"
                            }
                        ]
                    }
                },
                "player": [
                    {
                        "condition": "inverted",
                        "term": {
                            "condition": "value_check",
                            "range": {
                                "min": 1
                            },
                            "value": {
                                "type": "score",
                                "target": {
                                    "type": "fixed",
                                    "name": "minecraft:cactus"
                                },
                                "score": "dfh.disabled_trigger"
                            }
                        }
                    }
                ]
            }
        }
    },
    "rewards": {
        "function": "dfh:logic/types/cactus"
    },
    "parent": "dfh:root"
}
