{
    "type": "command",
    "pools": [
        {
            "rolls": 1,
            "entries": [
                {
                    "type": "item",
                    "name": "structure_void"
                }
            ]
        }
    ],
    "functions": [
        {
            "function": "set_custom_data",
            "tag": "{dnt:{snbt:1b}}"
        },
        {
            "function": "set_name",
            "name": {
                "storage": "dnt:ram",
                "nbt": "in",
                "interpret": false
            },
            "target": "item_name",
            "entity": "this"
        }
    ]
}