{
  "description": "",
  "supported_items": [],
  "weight": 1,
  "max_level": 1,
  "min_cost": {"base": 0, "per_level_above_first": 0},
  "max_cost": {"base": 0, "per_level_above_first": 0},
  "anvil_cost": 0,
  "slots": ["saddle"],
  "effects": {
    "location_changed": [
      {
        "effect": {
          "type": "apply_impulse",
          "direction": [0,0,1],
          "coordinate_scale": [0,0.0001,0],
          "magnitude": {
            "type": "linear",
            "base": 1,
            "per_level_above_first": 1
          }
        }
      }
    ]
  }
}
