[
    {
        "function":"set_components",
        "components":{"equippable":{"slot":"saddle","equip_sound":"intentionally_empty"}}
    },
    {
        "conditions":[{"condition":"any_of","terms":[
            [
                {"condition":"value_check","range":1,"value":{"target":{"type":"fixed","name":"#left_x_sign"},"type":"score","score":"fptrick_impulse"}},
                {"condition":"value_check","range":{"min":1},"value":{"target":{"type":"fixed","name":"#x"},"type":"score","score":"fptrick_impulse"}}
            ],
            [
                {"condition":"value_check","range":-1,"value":{"target":{"type":"fixed","name":"#left_x_sign"},"type":"score","score":"fptrick_impulse"}},
                {"condition":"value_check","range":{"max":-1},"value":{"target":{"type":"fixed","name":"#x"},"type":"score","score":"fptrick_impulse"}}
            ]
        ]}],
        "function":"set_enchantments",
        "enchantments":{
            "fptrick_impulse:scale0_left_x_plus":{"target":{"type":"fixed","name":"#x_scale0"},"type":"score","score":"fptrick_impulse","scale":-1},
            "fptrick_impulse:scale1_left_x_plus":{"target":{"type":"fixed","name":"#x_scale1"},"type":"score","score":"fptrick_impulse"},
            "fptrick_impulse:scale2_left_x_plus":{"target":{"type":"fixed","name":"#x_scale2"},"type":"score","score":"fptrick_impulse"},
            "fptrick_impulse:scale3_left_x_plus":{"target":{"type":"fixed","name":"#x_scale3"},"type":"score","score":"fptrick_impulse"}
        }
    },
    {
        "conditions":[{"condition":"any_of","terms":[
            [
                {"condition":"value_check","range":1,"value":{"target":{"type":"fixed","name":"#left_x_sign"},"type":"score","score":"fptrick_impulse"}},
                {"condition":"value_check","range":{"max":-1},"value":{"target":{"type":"fixed","name":"#x"},"type":"score","score":"fptrick_impulse"}}
            ],
            [
                {"condition":"value_check","range":-1,"value":{"target":{"type":"fixed","name":"#left_x_sign"},"type":"score","score":"fptrick_impulse"}},
                {"condition":"value_check","range":{"min":1},"value":{"target":{"type":"fixed","name":"#x"},"type":"score","score":"fptrick_impulse"}}
            ]
        ]}],
        "function":"set_enchantments",
        "enchantments":{
            "fptrick_impulse:scale0_left_x_minus":{"target":{"type":"fixed","name":"#x_scale0"},"type":"score","score":"fptrick_impulse","scale":-1},
            "fptrick_impulse:scale1_left_x_minus":{"target":{"type":"fixed","name":"#x_scale1"},"type":"score","score":"fptrick_impulse"},
            "fptrick_impulse:scale2_left_x_minus":{"target":{"type":"fixed","name":"#x_scale2"},"type":"score","score":"fptrick_impulse"},
            "fptrick_impulse:scale3_left_x_minus":{"target":{"type":"fixed","name":"#x_scale3"},"type":"score","score":"fptrick_impulse"}
        }
    },
    {
        "conditions":[{"condition":"any_of","terms":[
            [
                {"condition":"value_check","range":1,"value":{"target":{"type":"fixed","name":"#left_z_sign"},"type":"score","score":"fptrick_impulse"}},
                {"condition":"value_check","range":{"min":1},"value":{"target":{"type":"fixed","name":"#z"},"type":"score","score":"fptrick_impulse"}}
            ],
            [
                {"condition":"value_check","range":-1,"value":{"target":{"type":"fixed","name":"#left_z_sign"},"type":"score","score":"fptrick_impulse"}},
                {"condition":"value_check","range":{"max":-1},"value":{"target":{"type":"fixed","name":"#z"},"type":"score","score":"fptrick_impulse"}}
            ]
        ]}],
        "function":"set_enchantments",
        "enchantments":{
            "fptrick_impulse:scale0_left_z_plus":{"target":{"type":"fixed","name":"#z_scale0"},"type":"score","score":"fptrick_impulse","scale":-1},
            "fptrick_impulse:scale1_left_z_plus":{"target":{"type":"fixed","name":"#z_scale1"},"type":"score","score":"fptrick_impulse"},
            "fptrick_impulse:scale2_left_z_plus":{"target":{"type":"fixed","name":"#z_scale2"},"type":"score","score":"fptrick_impulse"},
            "fptrick_impulse:scale3_left_z_plus":{"target":{"type":"fixed","name":"#z_scale3"},"type":"score","score":"fptrick_impulse"}
        }
    },
    {
        "conditions":[{"condition":"any_of","terms":[
            [
                {"condition":"value_check","range":1,"value":{"target":{"type":"fixed","name":"#left_z_sign"},"type":"score","score":"fptrick_impulse"}},
                {"condition":"value_check","range":{"max":-1},"value":{"target":{"type":"fixed","name":"#z"},"type":"score","score":"fptrick_impulse"}}
            ],
            [
                {"condition":"value_check","range":-1,"value":{"target":{"type":"fixed","name":"#left_z_sign"},"type":"score","score":"fptrick_impulse"}},
                {"condition":"value_check","range":{"min":1},"value":{"target":{"type":"fixed","name":"#z"},"type":"score","score":"fptrick_impulse"}}
            ]
        ]}],
        "function":"set_enchantments",
        "enchantments":{
            "fptrick_impulse:scale0_left_z_minus":{"target":{"type":"fixed","name":"#z_scale0"},"type":"score","score":"fptrick_impulse","scale":-1},
            "fptrick_impulse:scale1_left_z_minus":{"target":{"type":"fixed","name":"#z_scale1"},"type":"score","score":"fptrick_impulse"},
            "fptrick_impulse:scale2_left_z_minus":{"target":{"type":"fixed","name":"#z_scale2"},"type":"score","score":"fptrick_impulse"},
            "fptrick_impulse:scale3_left_z_minus":{"target":{"type":"fixed","name":"#z_scale3"},"type":"score","score":"fptrick_impulse"}
        }
    }
]