{
    "type": "command",
    "pools": [
        {
            "rolls": 1,
            "entries": [
                {
                    "type": "item",
                    "name": "ghast_tear"
                }
            ]
        }
    ],
    "functions": [
        {
            "function": "set_components",
            "components": {
                "item_model": "redstone_torch",
                "max_damage": 1000,
                "damage": 1,
                "enchantment_glint_override": true,
                "max_stack_size": 1,
                "tool": {
                    "rules": [
                        {
                            "blocks": "spawner",
                            "correct_for_drops": false,
                            "speed": 0.000001
                        }
                    ],
                    "can_destroy_blocks_in_creative": true
                },
                "tooltip_display": {
                    "hidden_components": ["damage","max_damage","max_stack_size","tool","attribute_modifiers"]
                },
                "consumable": {
                    "animation": "brush",
                    "consume_seconds": 0,
                    "has_consume_particles": false,
                    "sound": {
                        "range": 0,
                        "sound_id": ""
                    }
                },
                "attribute_modifiers": [
                    {
                        "amount": 1024000,
                        "id": "dabsu:wand",
                        "operation": "add_value",
                        "type": "attack_speed",
                        "display": {
                            "type": "hidden"
                        },
                        "slot": "mainhand"
                    }
                ]
            }
        },
        {
            "function": "set_name",
            "entity": "this",
            "target": "item_name",
            "name": [{"text": "DaBsu ","color": "gray"},{"storage":"dabsu:run","nbt":"text","interpret":true}]
        },
        {
            "function": "set_lore",
            "entity": "this",
            "lore": [
                {"storage":"dabsu:run","nbt":"joint[0]"},
                {"storage":"dabsu:run","nbt":"joint[15]"},
                {"storage":"dabsu:run","nbt":"joint[1]"},
                {"storage":"dabsu:run","nbt":"joint[2]"},
                {"storage":"dabsu:run","nbt":"joint[3]"},
                {"storage":"dabsu:run","nbt":"joint[4]"},
                {"storage":"dabsu:run","nbt":"joint[5]"},
                {"storage":"dabsu:run","nbt":"joint[6]"},
                {"storage":"dabsu:run","nbt":"joint[7]"},
                {"storage":"dabsu:run","nbt":"joint[8]"},
                {"storage":"dabsu:run","nbt":"joint[9]"},
                {"storage":"dabsu:run","nbt":"joint[10]"},
                {"storage":"dabsu:run","nbt":"joint[11]"},
                {"storage":"dabsu:run","nbt":"joint[12]"},
                {"storage":"dabsu:run","nbt":"joint[13]"},
                {"storage":"dabsu:run","nbt":"joint[14]"}
            ],
            "mode": "replace_all"
        },
        {
            "function": "set_custom_data",
            "tag": "{dabsu:{is_wand:1b}}"
        }
    ]
}