{
    "anvil_cost": 9999999,
    "description": {"translate": "enchantment.null"},
    "weight": 1,
    "max_level": 40,
    "supported_items": "barrier",
    "slots": ["any"],
    "max_cost": {"base": 1,"per_level_above_first": 0},
    "min_cost": {"base": 2,"per_level_above_first": 0},
    "effects": {
        "location_changed": [
            {
                "effect": {
                    "type": "apply_exhaustion",
                    "amount": {
                        "type": "linear",
                        "base": 4.0,
                        "per_level_above_first": 4.0
                    }
                }
            },
            {
                "effect": {
                    "type": "run_function",
                    "function": "dfh:logic/regen/done_exhust"
                }
            }
        ]
    }
}