{
    "type": "command",
    "pools": [
        {
            "rolls": 1,
            "entries": [
                {
                    "type": "item",
                    "name": "player_head"
                }
            ]
        }
    ],
    "functions": [
        {
            "function": "set_custom_data",
            "tag": "{dabsu:{cart:{button:{id:\"up\"}}}}"
        },
        {
            "function": "set_components",
            "components": {
                "enchantment_glint_override": false,
                "max_stack_size": 1,
                "profile": "MHF_ArrowDown"
            }
        },
        {
            "function": "set_name",
            "name": {
                "translate": "spectatorMenu.next_page","color": "green","italic": false
            },
            "target": "custom_name"
        },
        {
            "function": "set_lore",
            "mode": "replace_all",
            "entity": "this",
            "lore": [
                [{"text": "= ","italic": false,"color": "gray"},{"score": {"name": "*","objective": "calc.dabsu"},"color": "dark_aqua"}," ="]
            ]
        }
    ]
}